timestamp,pid,rss_kb,vsz_kb,pct_mem
1773995418,8446,21948,29088,0.0
1773995420,8446,21948,29088,0.0
1773995422,8446,21948,29088,0.0
1773995424,8446,21948,29088,0.0
1773995426,8446,21948,29088,0.0
1773995428,8446,21948,29088,0.0
1773995430,8446,21948,29088,0.0
1773995432,8446,21948,29088,0.0
1773995434,8446,21948,29088,0.0
1773995436,8446,21948,29088,0.0
1773995438,8446,21948,29088,0.0
1773995440,8446,21948,29088,0.0
1773995442,8446,21948,29088,0.0
1773995444,8446,21948,29088,0.0
1773995446,8446,21948,29088,0.0
1773995448,8446,21948,29088,0.0
1773995450,8446,21948,29088,0.0
1773995452,8446,21948,29088,0.0
1773995454,8446,21948,29088,0.0
1773995456,8446,21948,29088,0.0
1773995458,8446,21948,29088,0.0
1773995460,8446,21948,29088,0.0
1773995462,8446,21948,29088,0.0
1773995464,8446,21948,29088,0.0
1773995466,8446,21948,29088,0.0
1773995468,8446,21948,29088,0.0
1773995470,8446,21948,29088,0.0
1773995472,8446,21948,29088,0.0
1773995474,8446,23008,30184,0.0
1773995476,8446,25896,33056,0.0
1773995478,8446,28520,35788,0.0
1773995480,8446,31136,38384,0.0
1773995482,8446,33692,40848,0.1
1773995484,8446,36408,43576,0.1
1773995486,8446,38924,46172,0.1
1773995488,8446,41148,48356,0.1
1773995490,8446,43060,50268,0.1
1773995492,8446,45352,52592,0.1
1773995494,8446,47860,55048,0.1
1773995496,8446,50608,57776,0.1
1773995498,8446,53064,60240,0.1
1773995500,8446,55664,62836,0.1
1773995502,8446,58440,65564,0.1
1773995504,8446,61004,68160,0.1
1773995506,8446,63524,70616,0.1
1773995508,8446,66036,73212,0.2
1773995510,8446,68552,75676,0.2
1773995512,8446,70884,78000,0.2
1773995514,8446,73376,80456,0.2
1773995516,8446,75788,82912,0.2
1773995518,8446,78512,85580,0.2
1773995520,8446,81244,88308,0.2
1773995522,8446,83604,90632,0.2
1773995524,8446,86024,93088,0.2
1773995526,8446,88504,95552,0.2
1773995528,8446,91216,98148,0.2
1773995530,8446,93984,100876,0.2
1773995532,8446,96168,103060,0.2
1773995534,8446,98172,105112,0.3
1773995536,8446,100492,107436,0.3
1773995538,8446,102548,109480,0.3
1773995540,8446,104968,111804,0.3
1773995543,8446,107532,114400,0.3
1773995545,8446,109768,116584,0.3
1773995547,8446,112280,119180,0.3
1773995549,8446,115164,122048,0.3
1773995551,8446,117504,124372,0.3
1773995553,8446,119904,126696,0.3
1773995555,8446,122656,129424,0.3
1773995557,8446,125308,132020,0.3
1773995559,8446,127992,134756,0.3
1773995561,8446,130512,137212,0.4
1773995563,8446,133116,139880,0.4
1773995565,8446,135772,142476,0.4
1773995567,8446,138444,145072,0.4
1773995569,8446,141096,147800,0.4
1773995571,8446,143576,150256,0.4
1773995573,8446,146320,152992,0.4
1773995575,8446,148892,155448,0.4
1773995577,8446,151720,158316,0.4
1773995579,8446,154532,161052,0.4
1773995581,8446,156924,163508,0.4
1773995583,8446,159616,166104,0.4
1773995585,8446,162340,168840,0.4
1773995587,8446,164344,170884,0.5
1773995589,8446,166104,172664,0.5
1773995591,8446,168608,175120,0.5
1773995593,8446,171016,177444,0.5
1773995595,8446,173184,179628,0.5
1773995597,8446,175644,182092,0.5
1773995599,8446,177680,184136,0.5
1773995601,8446,180320,186732,0.5
1773995603,8446,182244,188644,0.5
1773995605,8446,183816,190152,0.5
1773995607,8446,185312,191652,0.5
1773995609,8446,186772,193152,0.5
1773995611,8446,188268,194660,0.5
1773995613,8446,189648,196020,0.5
1773995615,8446,191612,198956,0.5
1773995617,8446,193260,200596,0.5
1773995619,8446,195844,203192,0.6
1773995621,8446,198004,205376,0.6
1773995623,8446,199792,207156,0.6
1773995625,8446,201544,208796,0.6
1773995627,8446,203268,210568,0.6
1773995629,8446,205036,212348,0.6
1773995631,8446,207488,214804,0.6
1773995633,8446,209736,216988,0.6
1773995635,8446,211812,219040,0.6
1773995637,8446,214292,221496,0.6
1773995639,8446,216540,223820,0.6
1773995641,8446,218980,226144,0.6
1773995643,8446,221360,228600,0.6
1773995645,8446,223748,230924,0.6
1773995647,8446,226108,233248,0.6
1773995649,8446,228460,235572,0.7
1773995651,8446,230524,237616,0.7
1773995653,8446,232884,239940,0.7
1773995655,8446,235240,242396,0.7
1773995657,8446,237052,244176,0.7
1773995659,8446,238888,245948,0.7
1773995661,8446,240484,247588,0.7
1773995663,8446,242768,249760,0.7
1773995665,8446,244472,251540,0.7
1773995667,8446,246232,253312,0.7
1773995669,8446,247872,254952,0.7
1773995671,8446,249656,256732,0.7
1773995673,8446,251480,258504,0.7
1773995675,8446,253320,260284,0.7
1773995677,8446,255252,262196,0.7
1773995679,8446,257056,263968,0.7
1773995681,8446,258728,265748,0.7
1773995683,8446,260572,267520,0.8
1773995686,8446,262412,269300,0.8
1773995688,8446,264252,271212,0.8
1773995690,8446,266088,272984,0.8
1773995692,8446,267912,274764,0.8
1773995694,8446,269776,276676,0.8
1773995696,8446,271568,278448,0.8
1773995698,8446,273084,279948,0.8
1773995700,8446,274652,281456,0.8
1773995702,8446,276316,283228,0.8
1773995704,8446,278048,284868,0.8
1773995706,8446,279860,286648,0.8
1773995708,8446,281588,288420,0.8
1773995710,8446,283372,290200,0.8
1773995712,8446,285104,291840,0.8
1773995714,8446,286884,293612,0.8
1773995716,8446,288628,295392,0.8
1773995718,8446,290428,297164,0.8
1773995720,8446,291996,298804,0.8
1773995722,8446,293708,300444,0.9
1773995724,8446,295316,302084,0.9
1773995726,8446,297032,303724,0.9
1773995728,8446,298408,305084,0.9
1773995730,8446,299968,306724,0.9
1773995732,8446,301688,308364,0.9
1773995734,8446,303348,310004,0.9
1773995736,8446,305132,311784,0.9
1773995738,8446,306840,313556,0.9
1773995740,8446,308492,315196,0.9
1773995742,8446,310316,316976,0.9
1773995744,8446,312004,318608,0.9
1773995746,8446,313900,320520,0.9
1773995748,8446,315812,322440,0.9
1773995750,8446,317696,324352,0.9
1773995752,8446,319580,326124,0.9
1773995754,8446,321504,328036,0.9
1773995756,8446,323092,329676,0.9
1773995758,8446,324896,331456,1.0
1773995760,8446,326728,333228,1.0
1773995762,8446,328580,335140,1.0
1773995764,8446,330464,336920,1.0
1773995766,8446,332360,338832,1.0
1773995768,8446,334100,340604,1.0
1773995770,8446,335848,342384,1.0
1773995772,8446,337752,344156,1.0
1773995774,8446,339648,346068,1.0
1773995776,8446,341552,347980,1.0
1773995778,8446,343456,349892,1.0
1773995780,8446,345088,351532,1.0
1773995782,8446,346968,353444,1.0
1773995784,8446,348880,355224,1.0
1773995786,8446,350532,356864,1.0
1773995788,8446,352164,358504,1.0
1773995790,8446,354056,361440,1.0
1773995792,8446,355948,363352,1.0
1773995794,8446,357840,365264,1.1
1773995796,8446,359744,367036,1.1
1773995798,8446,361648,368948,1.1
1773995800,8446,363464,370860,1.1
1773995802,8446,365008,372368,1.1
1773995804,8446,366924,374280,1.1
1773995807,8446,368816,376052,1.1
1773995809,8446,370732,377964,1.1
1773995811,8446,372616,379876,1.1
1773995813,8446,374528,381788,1.1
1773995815,8446,376432,383700,1.1
1773995817,8446,378348,385620,1.1
1773995819,8446,380208,387392,1.1
1773995821,8446,381972,389164,1.1
1773995823,8446,383868,391084,1.1
1773995825,8446,385772,392996,1.1
1773995827,8446,387488,394636,1.1
1773995829,8446,389252,396408,1.1
1773995831,8446,391144,398320,1.2
1773995833,8446,393028,400232,1.2
1773995835,8446,394668,401872,1.2
1773995837,8446,396260,403372,1.2
1773995839,8446,397664,404740,1.2
1773995841,8446,399104,406240,1.2
1773995843,8446,400624,407748,1.2
1773995845,8446,402220,409248,1.2
1773995847,8446,403824,410888,1.2
1773995849,8446,405532,412668,1.2
1773995851,8446,407356,414440,1.2
1773995853,8446,409088,416080,1.2
1773995855,8446,410920,417992,1.2
1773995857,8446,413236,420316,1.2
1773995859,8446,414960,421956,1.2
1773995861,8446,416508,423456,1.2
1773995863,8446,418200,425228,1.2
1773995865,8446,419860,426868,1.2
1773995867,8446,421692,428648,1.2
1773995869,8446,423496,430420,1.3
1773995871,8446,425176,432060,1.3
1773995873,8446,427504,434384,1.3
1773995875,8446,429792,436708,1.3
1773995877,8446,432180,439032,1.3
1773995879,8446,434660,441488,1.3
1773995881,8446,437064,443944,1.3
1773995883,8446,439524,446408,1.3
1773995885,8446,441476,448320,1.3
1773995887,8446,443828,450644,1.3
1773995889,8446,446520,453372,1.3
1773995891,8446,449252,456108,1.3
1773995893,8446,451784,458564,1.3
1773995895,8446,454132,460888,1.3
1773995897,8446,456392,463212,1.4
1773995899,8446,459116,465800,1.4
1773995901,8446,461736,468396,1.4
1773995903,8446,465464,472212,1.4
1773995905,8446,468168,474800,1.4
1773995907,8446,470960,477676,1.4
1773995909,8446,473928,480544,1.4
1773995911,8446,476932,483544,1.4
1773995913,8446,479912,486552,1.4
1773995915,8446,482512,489148,1.4
1773995917,8446,484648,491200,1.4
1773995919,8446,487220,493788,1.4
1773995921,8446,490068,496664,1.5
1773995923,8446,492464,498980,1.5
1773995925,8446,495008,501576,1.5
1773995927,8446,497308,503768,1.5
1773995929,8446,499552,506084,1.5
1773995931,8446,502104,508548,1.5
1773995933,8446,504960,511416,1.5
1773995935,8446,507664,514144,1.5
1773995937,8446,510368,516740,1.5
1773995939,8446,512828,519204,1.5
1773995941,8446,514844,521248,1.5
1773995943,8446,516968,523300,1.5
1773995945,8446,519684,527052,1.5
1773995947,8446,522040,529376,1.6
1773995950,8446,524036,531428,1.6
1773995952,8446,525656,533068,1.6
1773995954,8446,527472,534840,1.6
1773995956,8446,528644,535936,1.6
1773995958,8446,528644,535936,1.6
1773995960,8446,528644,535936,1.6
1773995962,8446,528644,535936,1.6
1773995964,8446,528644,535936,1.6
1773995966,8446,528644,535936,1.6
1773995968,8446,528644,535936,1.6
1773995970,8446,528644,535936,1.6
1773995972,8446,528644,535936,1.6
1773995974,8446,528644,535936,1.6
1773995976,8446,528644,535936,1.6
1773995978,8446,528644,535936,1.6
1773995980,8446,528644,535936,1.6
1773995982,8446,528644,535936,1.6
1773995984,8446,528644,535936,1.6
1773995986,8446,528644,535936,1.6
1773995988,8446,528644,535936,1.6
1773995990,8446,528644,535936,1.6
1773995992,8446,528644,535936,1.6
1773995994,8446,528644,535936,1.6
1773995996,8446,528644,535936,1.6
1773995998,8446,528644,535936,1.6
1773996000,8446,528644,535936,1.6
1773996002,8446,528644,535936,1.6
1773996004,8446,528644,535936,1.6
1773996006,8446,528644,535936,1.6
1773996008,8446,528644,535936,1.6
1773996010,8446,528644,535936,1.6
1773996012,8446,528644,535936,1.6
